total_return,annualized_return,annual_volatility,max_drawdown,sharpe_ratio,calmar_ratio,sortino_ratio,win_rate,final_value,strategy
797.757085193542,14.253424644651712,17.752987946250165,-33.9249600060972,0.7281159524245047,0.42014565800785025,0.8654152665096508,54.71652593486128,897757.0851935422,Buy & Hold
464.9096047794567,11.084885706389214,13.248576121753594,-22.978012448310096,0.7101342766443408,0.48241272961815485,0.8706483717613867,54.71652593486128,564909.6047794566,Fixed 50%
365.7023084598908,9.790036754373865,12.138766363697675,-18.599233425195255,0.6666669626074888,0.5263677556254494,0.793137766586441,54.71652593486128,465702.30845989083,Fixed 30%
492.80598619820626,11.410447218997932,13.346438296885896,-22.978012448310086,0.7278749619059125,0.49658112270006677,0.8967450670226643,54.71652593486128,592805.9861982063,Fixed 50% v2
398.77671257591214,10.248336656663316,12.24364940594251,-18.599233425195237,0.6960890136648444,0.5510085508567533,0.8360689069789047,54.71652593486128,498776.7125759121,Fixed 30% v2
